"question";"answer"
"ID: 1 | Pergunta: coronavirus origin";"Based on the information provided in the context, the novel coronavirus responsible for causing pneumonia in humans during December 2019 in Wuhan, China, was initially identified as the 2019 novel coronavirus (2019-nCoV). The virus shares genetic similarities with a bat coronavirus called RaTG13, which is believed to be the closest relative of the 2019-nCoV. The virus is classified under the genus Betacoronavirus within the family Coronaviridae."
"ID: 2 | Pergunta: coronavirus response to weather changes";"I do not know."
"ID: 3 | Pergunta: coronavirus immunity";"Based on the information provided, we cannot definitively conclude the exact nature or duration of coronavirus immunity. While the text discusses the importance of antibodies in protecting against future infections, it acknowledges that the science around this topic remains uncertain. Specifically, the passage notes that ""it is not yet established whether the presence of detectable antibodies to SARS-CoV-2 confers immunity to further infection in humans,"" indicating that while antibodies may indicate past exposure, their efficacy as a predictor of future immunity is not fully understood. Therefore, the most accurate response would be that I do not know without additional research or clarification on the specific study or test results mentioned."
"ID: 4 | Pergunta: how do people die from the coronavirus";"People who contract the coronavirus may experience various complications leading to their death. Three possible characteristics of the dying process in COVID-19 include respiratory failure, shock, and multiple organ failure. The actual cause of death is also important in interpreting case fatality rates, which can vary depending on whether screening methods cover a large or small portion of the population."
"ID: 5 | Pergunta: animal models of COVID-19";"Based on the information provided in the context, there is no specific mention of animal models for COVID-19. Therefore, I cannot provide a definitive answer to your question about animal models of COVID-19. My sources do not include any discussions or references to animal models specifically for this virus."
"ID: 6 | Pergunta: coronavirus test rapid testing";"Based on the information provided, the ""Munich Extraction Protocol (MEP)"" described in Document 3 offers a faster and more efficient way to perform SARS-CoV-2 RNA extraction compared to traditional methods. It involves transferring a small volume of sample into a 96-well plate and performing the extraction process within approximately 60 minutes per batch of 96 samples. Additionally, the protocol allows for a significant increase in test capacity without modifications to existing equipment pools. However, despite its advantages, some loss in clinical sensitivity was noted when using the ""Munich Extraction Protocol (MEP)""."
"ID: 7 | Pergunta: serological tests for coronavirus";"Based on the information provided, serological tests for coronaviruses, specifically focusing on SARS-CoV-2, have been developed to detect antibodies against the virus. These tests can help determine whether someone has previously been infected with the virus, indicating potential protection against reinfection. However, the text notes that a positive serology does not necessarily mean one is protected against reinfection, as antibodies might indicate recent infection rather than immunity."
"ID: 8 | Pergunta: coronavirus under reporting";"Based on the provided context, the document discusses how China has improved its public reporting regarding the novel coronavirus outbreak. It mentions that China has been applying certain indicators like fatality rate, recovery rate, and trend reporting to better monitor and manage the outbreak. The text notes that despite these improvements, there are still opportunities for further refinement and improvement in public reporting."
"ID: 9 | Pergunta: coronavirus in Canada";"Based on the information provided, there is no specific mention of ""coronavirus"" or ""COVID-19"" in relation to Canada. The sources discuss various aspects related to Canada and its responses to potential threats but do not specifically address the current situation with the novel coronavirus disease. Therefore, I cannot provide an answer to this question based solely on the given context."
"ID: 10 | Pergunta: coronavirus social distancing impact";"The text discusses the impact of social distancing during the COVID-19 pandemic. It mentions that social distancing has been credited for controlling the epidemic, with examples given from China and South Korea. The article notes that different societies responded differently, attributing varying levels of success to factors such as cultural openness and age demographics. It also highlights the challenges faced by certain sectors, such as healthcare workers and addiction services. Overall, the text emphasizes the effectiveness of social distancing as a public health measure in mitigating the spread of the virus."
"ID: 11 | Pergunta: coronavirus hospital rationing";"Based on the provided context, the relevant recommendation from Document 4 suggests that ""fair allocation of scarred medical resources"" should be considered during the COVID-19 crisis. However, it notes that implementing such rationing may be challenging due to differences in healthcare systems across countries. Specifically, the document mentions that in India, where the author suggests discussing rationing strategies, the country faces significant challenges related to its healthcare infrastructure, resource distribution, and economic disparities. Therefore, the feasibility of implementing rationing policies in India or other countries remains uncertain without specific local context."
"ID: 12 | Pergunta: coronavirus quarantine";"According to Document 1, the article discusses the dilemma of whether to enforce individual quarantine or allow people to go home while avoiding close contacts and monitoring for symptoms. The text suggests that under certain conditions, individual quarantine may be more effective than active monitoring. Specifically, the article mentions that under a broad range of model parameters, individual quarantine contains the outbreak, while active monitoring does not. However, the article notes that this prediction is consistent with another recent model of COVID-19 containment."
"ID: 13 | Pergunta: how does coronavirus spread";"According to Document 3, the coronavirus may transmit through aerosols. Specifically, it states ""Current research has proven that aerosols are involved in the spread of SARS, MERS, H1N1, and some other diseases."" This suggests that respiratory droplets alone are not sufficient for transmission, as the virus can also spread via airborne particles called aerosols."
"ID: 14 | Pergunta: coronavirus super spreaders";"Based on the provided context, there is no specific mention of ""coronavirus super spreaders"". The text discusses the concept of superspreaders in general terms but does not specifically refer to coronavirus super spreaders. Therefore, my answer is:  I do not know."
"ID: 15 | Pergunta: coronavirus outside body";"Based on the information provided in the context, there is currently no evidence of coronaviruses surviving outside the body. The text discusses how coronaviruses can be transmitted between individuals through respiratory droplets, but it does not mention any studies or findings indicating that coronaviruses can survive on surfaces or objects after being shed by an infected person. Therefore, I cannot conclude whether coronaviruses can survive outside the body based solely on this information."
"ID: 16 | Pergunta: how long does coronavirus survive on surfaces";"According to the document, coronaviruses can persist on surfaces for up to one month under certain conditions. Specifically, it mentions that ""Most viruses from the respiratory tract, such as coronaviruses, influenza, SARS-CoV, or rhinovirus, can persist on surfaces for a few days."" However, the document notes that the persistence time varies from minutes to up to one month, depending on environmental conditions."
"ID: 17 | Pergunta: coronavirus clinical trials";"Based on the information provided, there is no specific mention or update about ""coronavirus clinical trials"" in the given texts. The sources cover various aspects related to clinical trials and the pandemic but do not provide detailed updates on coronavirus-specific clinical trials. Therefore, I cannot determine if any new coronavirus-related clinical trials have been launched or updated as of this time."
"ID: 18 | Pergunta: masks prevent coronavirus";"According to Document 1, masks can effectively filter coronavirus particles provided that there is no air leak. However, the text notes that the biggest disadvantage with these masks is that they are not easy to breathe and become uncomfortable on prolonged use. Therefore, they are only meant for healthcare workers who come in direct contact with COVID-19 patients."
"ID: 19 | Pergunta: what alcohol sanitizer kills coronavirus";"Based on the information provided, alcohol-based hand sanitizers containing at least 60% ethanol (v/v%) appear to be effective against SARS-CoV-2. Specifically, the text mentions that ""Most alcohol based hand sanitizers are effective at inactivating enveloped viruses, including coronaviruses."" However, it notes that further research is needed to determine the exact efficacy of different types of alcohol-based hand sanitizers against SARS-CoV-2."
"ID: 20 | Pergunta: coronavirus and ACE inhibitors";"Based on Document 1, the authors declare that there are no conflicts of interest. This suggests that the document does not discuss any specific issues related to the use of ACE inhibitors during the pandemic. Therefore, the information about ACE inhibitors and COVID-19 is not covered in this particular document."
"ID: 21 | Pergunta: coronavirus mortality";"Based on the information provided, the text suggests that the potential mortality from coronavirus disease 2019 (COVID-19) could reach around 50 million globally. Specifically, the document states ""Clearly, this pandemic has the potential to be as severe in terms of mortality as the influenza pandemic of 1918 which killed more than 50 million people and caused more than 500 million infections worldwide."""
"ID: 22 | Pergunta: coronavirus heart impacts";"Based on the information provided in the context, there is evidence suggesting that coronavirus infections can have significant impacts on the heart. Some key points include:  1. **Cardiac Manifestations**: Symptoms like fever, cough, and myalgias/fatigue were common in the early stages of the outbreak.  2. **Heart Imaging**: Chest CT scans showed bilateral, multi-lobular pneumonia with abnormalities noted on imaging.  3. **Problems with Heart Function**: Elevated D-dimer levels were observed, indicating potential complications requiring ICU-level care.  4. **Cardiovascular Risk Factors**: Patients often had underlying conditions such as hypertension, diabetes, and heart disease, increasing their risk of severe outcomes.  5. **Misdiagnoses**: Cases of misdiagnosis due to overlapping presentations of cardiovascular diseases and coronavirus infections led to delays in appropriate management.  6. **Impact on Pre-existing Conditions**: People with pre-existing cardiovascular conditions were at higher risk of developing severe illness.  In summary, while the heart is affected, the specific mechanisms and severity vary depending on the type of coronavirus involved. However, the general consensus is that coronary artery disease, congestive heart failure, and myocarditis are possible consequences of coronavirus infections."
"ID: 23 | Pergunta: coronavirus hypertension";"According to Document 1, hypertension is described as ""strongly age-related"" and can potentially exacerbate the effects of SARS-CoV-2 infection. Document 2 discusses how hypertension might lead to increased susceptibility to SARS-CoV-2 infection and suggests that this condition could result in more severe outcomes, especially in the elderly population. Document 3 mentions that the controversy surrounding the use of ACE inhibitors and ARBs during the COVID-19 pandemic highlights concerns about their potential impact on the body's response to the virus. Overall, while the direct connection between hypertension and COVID-19 is not explicitly stated, the document emphasizes the importance of considering hypertension when assessing the risks associated with the virus."
"ID: 24 | Pergunta: coronavirus diabetes";"Based on the information provided in the context, diabetes can be considered a ""high risk"" group for contracting COVID-19. According to the text, among 44,000 confirmed COVID-19 cases in China, death rates among patients with diabetes were 7%, compared to 0.9% for those without an underlying health condition. This suggests that people with diabetes are at a higher risk of developing severe complications if they contract the virus. The text also mentions that diabetes was the second most common comorbidity among non-survivors of COVID-19 infections, indicating its significance in contributing to the severity of the disease."
"ID: 25 | Pergunta: coronavirus biomarkers";"Based on the information provided in the context, tumor biomarkers have been shown to predict the clinical outcome of COVID-19 patients. This prediction includes factors like pre-existing cardiovascular comorbidities, such as hypertension, coronary heart disease, and heart failure, which can increase the risk of severe complications or death associated with the virus. Additionally, the presence of certain cardiovascular diseases increases the likelihood of developing symptoms like acute cardiac injury (ACI) and arrhythmias, further complicating the prognosis for these individuals. Therefore, understanding and monitoring these biomarkers could potentially help in predicting and managing the outcomes of COVID-19 infections. [DOCUMENT 1]"
"ID: 26 | Pergunta: coronavirus early symptoms";"Based on the information provided, olfactory and gustatory disorders are described as early symptoms of coronavirus disease (COVID-19). However, there is no mention of any specific early symptom being referred to by name or acronym like ""coronavirus"" in this context. Therefore, I cannot provide an exact match for your query without additional research."
"ID: 27 | Pergunta: coronavirus asymptomatic";"Based on the information provided in the context, asymptomatic cases of novel coronavirus disease (COVID-19) are relatively rare. According to Document 2, there are 1,400 known asymptomatic patients in China. Document 4 discusses the natural history of asymptomatic SARS-CoV-2 infection, noting that approximately 60% of COVID-19 cases may have no symptoms or only mild symptoms. Document 5 mentions that the virus spreads via exhaled droplets and infects cells through the ACE2 receptor, suggesting that even asymptomatic carriers could potentially transmit the virus. However, the overall prevalence of asymptomatic cases appears to be low compared to symptomatic cases."
"ID: 28 | Pergunta: coronavirus hydroxychloroquine";"Based on the information provided in the context, I do not know whether hydroxychloroquine has proven effective against COVID-19. The text mentions that chloroquine and hydroxychloroquine gained attention in early February, but does not provide any specific information about their effectiveness against the novel coronavirus causing COVID-19. Therefore, my answer is that I do not know."
"ID: 29 | Pergunta: coronavirus drug repurposing";"Based on the information provided, drug repurposing is described as a ""modern therapeutic strategy"" that allows the reuse of approved drugs for different purposes. It is noted to be successful in treating cancer and other diseases, and it is considered a ""boosting the arsenal against COVID-19"". The text suggests that repurposing drugs can be quicker and cheaper than developing new ones, and it highlights the use of drugs like chloroquine and hydroxychloroquine, which were originally developed for different conditions but are now being investigated for their effectiveness against COVID-19."
"ID: 30 | Pergunta: coronavirus remdesivir";"Based on the information provided, there is no specific article or study cited to directly address ""coronavirus remdesivir"". The available documents focus on discussions and opinions about remdesivir, but none specifically discuss its use with respect to the novel coronavirus disease caused by SARS-CoV-2. Therefore, I cannot provide an answer based solely on this context."
"ID: 31 | Pergunta: difference between coronavirus and flu";"According to Document 1, there are several key differences between Coronavirus Disease 2019 (COVID-19), commonly known as ""coronavirus,"" and Influenza (""flu""). These include:  1. **Timing**: While both diseases can occur during flu seasons, they typically emerge separately.  2. **Symptoms**: Symptoms of COVID-19 can vary widely, ranging from mild to severe, while those of the flu tend to follow a predictable pattern.  3. **Severity**: Severe complications and death rates associated with COVID-19 are higher compared to the flu.  4. **Transmission**: COVID-19 spreads through droplets produced when an infected person coughs or sneezes, whereas the flu primarily spreads through airborne transmission.  5. **Prevention Measures**: Effective prevention strategies for COVID-19 involve social distancing, wearing masks, frequent hand washing, and vaccination, unlike the flu which can be prevented through annual vaccinations.  6. **Testing**: Testing methods differ; PCR tests are used for diagnosing COVID-19, while rapid antigen tests are common for the flu.  These distinctions highlight the significant differences between the two conditions, emphasizing the importance of distinguishing them correctly."
"ID: 32 | Pergunta: coronavirus subtypes";"Based on the information provided in the context, it appears that the authors propose subdividing the global SARS-CoV-2 population into sixteen well-defined subtypes. They focus on broadly shared polymorphisms in nonstructural (nsp3, nsp4, nsp6, nsp12, nsp13, nsp14) cistrons, structural (spike and nucleocapsid) genes, and accessory (ORF8) genes. Sixteen distinct subtypes were identified, though all sixteen showed amino acid replacements potentially indicating phenotypic implications. The authors hypothesize that the detected virus subtypes could represent the early stages of SARS-CoV-2 diversification, possibly reflecting random sampling effects during its spread globally."
"ID: 33 | Pergunta: coronavirus vaccine candidates";"Based on the information provided in the context, current vaccine candidates for the novel coronavirus (COVID-19) include several approaches being developed by various organizations and researchers around the world. These include:  1. **Natural Antigens**: Identification of antigens derived from the viral proteins.  2. **Synthetic Antigens**: Development of artificial antigens using genetic engineering techniques.  3. **Adenovirus Vector Vaccines**: Utilizing a chimpanzee adenovirus vector to deliver the antigen into the body.  4. **Chimeric Antigen Receptor T-cell Therapy (CAR-T)**: Using genetically modified cells to recognize and destroy infected cells.  5. **DNA Vaccine**: Developing a vaccine using DNA technology.  These methods aim to speed up the vaccine development process through parallel trials, sharing of genomic data, and leveraging existing knowledge and infrastructure from previous pandemics like SARS and MERS. The goal is to create effective vaccines quickly enough to protect populations from the ongoing pandemic."
"ID: 34 | Pergunta: coronavirus recovery";"Based on the information provided, it seems that there is an emphasis on the importance of adequate recovery periods after working hours as part of coping with the psychological effects of the pandemic. This includes addressing the specific stressors faced by different types of workers such as healthcare professionals, those performing essential jobs, and those who have lost their jobs. The text suggests that preventing burnout rates from skyrocketing requires sufficient and high-quality recovery periods outside working hours."
"ID: 35 | Pergunta: coronavirus public datasets";"I do not know. There is no relevant information about coronavirus public datasets in the provided text."
"ID: 36 | Pergunta: SARS-CoV-2 spike structure";"The SARS-CoV-2 spike structure has been analyzed using various techniques including cryo-electron tomography, subtomogram averaging, and molecular dynamics simulations. The structure shows that the spike contains three hinges, which provide orientation freedom to the globular domain. These hinges allow the S protein to scan the host cell surface, potentially shielding it from antibodies through an extensive glycan coat. This structure provides insights into SARS-CoV-2 infection and aids in the development of safe vaccines."
"ID: 37 | Pergunta: SARS-CoV-2 phylogenetic analysis";"Based on the provided text, SARS-CoV-2 phylogenetic analysis involves reconstructing evolutionary relationships among different strains or isolates using genetic sequence data. This can help identify common ancestry, detect potential recombinations, and track the spread of the virus through geographical regions. The analysis often results in visual representations like phylogenetic networks or trees that show how different samples relate to each other genetically."
"ID: 38 | Pergunta: COVID inflammatory response";"Based on the information provided in Document 1, the document discusses the inflammatory response in children with COVID-19. Specifically, it mentions that two patients showed different patterns of immune cell infiltration into their lungs during the course of their illness. One patient exhibited a pattern consistent with bacterial pneumonia, while the other displayed signs of both bacterial infection and SARS-like characteristics. The text indicates that the immune response involved CD4 T lymphocytes, macrophages, and potentially natural killer cells, among others. The overall discussion emphasizes how the immune response might contribute to lung damage and potential complications like ARDS and multi-organ failure in severe cases of COVID-19."
"ID: 39 | Pergunta: COVID-19 cytokine storm";"Based on the information provided in the context, a ""cytokine storm"" refers to the excessive release of pro-inflammatory cytokines from immune cells in response to SARS-CoV-2 infection. This leads to systemic inflammation and potential organ damage if left unchecked. The term was coined because it describes the overwhelming release of cytokines resulting in symptoms resembling a flood of cytokines, hence the name ""cytokine storm."""
"ID: 40 | Pergunta: coronavirus mutations";"Based on the information provided, there are several key points about coronavirus mutations related to SARS-CoV-2:  1. **Genomic Variability**: While it mentions ""much effort has been made to develop therapeutic strategies to limit SARS-CoV-2 transmission and replication,"" it notes that ""no treatment or vaccine has proven effective against the virus.""  2. **Mutation Hotspots**: It identifies D614G as a significant mutation in the Spike protein of SARS-CoV-2.  3. **Clade Emergence**: Three major clades (clade G, V, and S) have emerged, indicating genetic diversity among SARS-CoV-2 variants.  4. **Geographical Prevalence**: Different geographical locations show varying levels of infection and thus differing proportions of mutated strains.  5. **Potential Evolutionary Challenges**: The text suggests ongoing challenges in managing the virus through antigenic drift and the need for continued monitoring of mutations.  These points indicate that SARS-CoV-2 continues to evolve, particularly in terms of the Spike protein, which plays a crucial role in viral entry into cells. The presence of multiple clades and the emergence of the D614G mutation suggest ongoing evolutionary pressures and potential future changes in the virus."
"ID: 41 | Pergunta: COVID-19 in African-Americans";"Based on the information provided, it is clear that there has been an increased incidence of COVID-19 among African Americans. The sources indicate this through various articles discussing the disproportionate impact of the virus on this population group. Therefore, the answer to the question ""COVID-19 in African-Americans"" is yes, with no surprise expected due to the data presented."
"ID: 42 | Pergunta: Vitamin D and COVID-19";"Based on the provided context, vitamin D appears to play a role in regulating and suppressing the cytokine inflammatory response associated with severe cases of COVID-19. Additionally, it can mitigate the inflammatory storm and potentially reduce the severity of respiratory complications. The text suggests that while vitamin D cannot be considered a direct preventative or curative treatment for COVID-19, it might serve as an adjunctive therapy by helping manage the condition more effectively. However, the context does not explicitly state whether vitamin D itself is effective against the virus causing COVID-19."
"ID: 43 | Pergunta: violence during pandemic";"Based on the information provided in the context, violence increased significantly during the COVID-19 pandemic. Specifically, there were 141 shootings in Philadelphia in March, and during the first 10 days of the ""Stay At Home"" order, there were 52 shooting victims in the city. This uptick in violence coincides with the ongoing pandemic and suggests that social distancing measures may not be effectively reducing violent behavior. However, the exact reasons for this increase are unknown and further research is needed to understand its causes and implications."
"ID: 44 | Pergunta: impact of masks on coronavirus transmission";"Based on the information provided across multiple sources, face masks can potentially help prevent the transmission of COVID-19 by trapping exhaled droplets and reducing the amount of virus particles released into the air when an infected person speaks, coughs, or sneezes. However, it is important to note that the effectiveness of masks varies depending on factors such as mask type, fit, cleanliness, and how well they are worn. Some studies suggest that cloth masks may be effective at preventing the spread of SARS-CoV-2, the virus that causes COVID-19, but their performance might vary among different types of fabrics and designs. Therefore, while masks can play a role in mitigating the spread of the virus, they should not be considered a substitute for other public health measures like social distancing, frequent hand washing, and vaccination."
"ID: 45 | Pergunta: coronavirus mental health impact";"Based on the information provided in the context, the coronavirus pandemic is having significant impacts on mental health. It is causing disruptions such as isolation, social distancing, and closures of various facilities, leading to behavioral changes that could alter the severity, transmission, and aftereffects of the pandemic. The text emphasizes the need for increased awareness among the public regarding the mental health implications of the pandemic and the importance of providing mental health support during this unprecedented situation."
"ID: 46 | Pergunta: dexamethasone coronavirus";"Based on the information provided, dexamethasone has been shown to potentially save lives in the treatment of COVID-19. Specifically, it appears that dexamethasone has been approved by the FDA as an emergency use authorization (EUA) for hospitalized patients who have severe disease. This approval came from a study published in the New England Journal of Medicine, which found that dexamethasone reduced mortality rates among those receiving the medication. However, the exact details of how much benefit there was and whether it was statistically significant are not specified in the given text."
"ID: 47 | Pergunta: COVID-19 outcomes in children";"Based on the provided context, it appears that there is currently insufficient evidence about the specific outcomes for children with COVID-19. The text mentions that ""the majority of COVID-19 cases occurred in adults"" and specifically notes that ""it therefore important to publish data on large case series from all countries worldwide."" This suggests that while some research has been conducted, much remains unknown regarding the specific outcomes or severity of the disease in children compared to adults."
"ID: 48 | Pergunta: school reopening coronavirus";"Based on the information provided, it is recommended that UNESCO considers the range of options being taken globally to reopen schools with a view to informing the formulation of national plans. The document also mentions that although children and young people can be asymptomatic carriers of SARS-CoV-2, emerging evidence suggests that they may not be significant contributors to the spread of the virus compared to adults. Therefore, there is a need to carefully evaluate the potential benefits and risks associated with reopening schools during the pandemic."
"ID: 49 | Pergunta: post-infection COVID-19 immunity";"Based on the information provided, post-infection immunity appears to be challenging to achieve due to several factors. While some individuals may recover without significant complications, others may experience lingering effects like viral positivity or relapses. Additionally, the lack of effective treatments and the complexity of the immune response make predicting complete immunity difficult. Therefore, while some degree of immunity may be achieved through recovery, the full extent of post-infection immunity remains uncertain and may vary among individuals."
"ID: 50 | Pergunta: mRNA vaccine coronavirus";"Based on the information provided, mRNA vaccines are being developed to combat SARS-CoV-2, the virus causing the current global pandemic. These vaccines aim to stimulate the immune system to produce antibodies and activate T-cells, thereby providing protection against the virus. The process involves delivering messenger RNA that encodes parts of the viral spike protein to the body, prompting it to create immunity without actually infecting the individual. This approach holds promise for developing effective vaccines against SARS-CoV-2 and potentially other coronaviruses."
